<?xml version="1.0" encoding="UTF-8"?>
<testResults version="1.2">
<httpSample t="27" lt="27" ts="1461713508430" s="false" lb="DeleteByID" rc="404" rm="Not Found" tn="PetStore-Assignment_Delete 3-1" dt="text" by="374" ng="1" na="6">
  <assertionResult>
    <name>Response Assertion</name>
    <failure>false</failure>
    <error>false</error>
  </assertionResult>
</httpSample>

<httpSample t="22" lt="22" ts="1461713537198" s="false" lb="DeleteByID" rc="404" rm="Not Found" tn="PetStore-Assignment_Delete 3-1" dt="text" by="374" ng="1" na="5">
  <assertionResult>
    <name>Response Assertion</name>
    <failure>false</failure>
    <error>false</error>
  </assertionResult>
</httpSample>

<httpSample t="21" lt="21" ts="1461713644551" s="false" lb="DeleteByID" rc="404" rm="Not Found" tn="PetStore-Assignment_Delete 3-1" dt="text" by="374" ng="1" na="6">
  <assertionResult>
    <name>Response Assertion</name>
    <failure>false</failure>
    <error>false</error>
  </assertionResult>
</httpSample>

<httpSample t="9" lt="9" ts="1461713754889" s="false" lb="DeleteByID" rc="404" rm="Not Found" tn="PetStore-Assignment_Delete 3-1" dt="text" by="374" ng="1" na="7">
  <assertionResult>
    <name>Response Assertion</name>
    <failure>false</failure>
    <error>false</error>
  </assertionResult>
</httpSample>

</testResults>
