<?xml version="1.0" encoding="UTF-8"?>
<testResults version="1.2">
<httpSample ts="1461713754901" rc="200" rm="OK" tn="PetStore-Assignment_GetID_NotFound 6-1" ng="1" na="2">
  <assertionResult>
    <name>Response Assertion</name>
    <failure>true</failure>
    <error>false</error>
    <failureMessage>Test failed: code expected to contain /404/</failureMessage>
  </assertionResult>
  <requestHeader class="java.lang.String">Connection: keep-alive
Host: localhost:3000
User-Agent: Apache-HttpClient/4.2.6 (java 1.5)
</requestHeader>
  <responseData class="java.lang.String">[]</responseData>
  <responseFile class="java.lang.String"></responseFile>
  <java.net.URL>http://localhost:3000/pets/?id=600</java.net.URL>
</httpSample>
<httpSample ts="1461713755401" rc="200" rm="OK" tn="PetStore-Assignment_GetID_NotFound 6-2" ng="1" na="1">
  <assertionResult>
    <name>Response Assertion</name>
    <failure>true</failure>
    <error>false</error>
    <failureMessage>Test failed: code expected to contain /404/</failureMessage>
  </assertionResult>
  <requestHeader class="java.lang.String">Connection: keep-alive
Host: localhost:3000
User-Agent: Apache-HttpClient/4.2.6 (java 1.5)
</requestHeader>
  <responseData class="java.lang.String">[]</responseData>
  <responseFile class="java.lang.String"></responseFile>
  <java.net.URL>http://localhost:3000/pets/?id=600</java.net.URL>
</httpSample>

</testResults>
