<?xml version="1.0" encoding="UTF-8"?>
<testResults version="1.2">
<httpSample ts="1461713644547" s="true" lb="GetByID" rc="200" rm="OK" tn="PetStore-Assignment_GetID 1-1">
  <assertionResult>
    <name>Field_Assertion</name>
    <failure>false</failure>
    <error>false</error>
  </assertionResult>
  <assertionResult>
    <name>ResponseCode_Assertion</name>
    <failure>false</failure>
    <error>false</error>
  </assertionResult>
  <assertionResult>
    <name>ResponseMessage_Assertion</name>
    <failure>false</failure>
    <error>false</error>
  </assertionResult>
  <requestHeader class="java.lang.String">Connection: keep-alive
Host: localhost:3000
User-Agent: Apache-HttpClient/4.2.6 (java 1.5)
</requestHeader>
  <responseData class="java.lang.String">[
  {
    &quot;id&quot;: 2,
    &quot;name&quot;: &quot;Mickey&quot;,
    &quot;status&quot;: &quot;Sold&quot;
  }
]</responseData>
  <responseFile class="java.lang.String"></responseFile>
</httpSample>
<httpSample ts="1461713645051" s="true" lb="GetByID" rc="200" rm="OK" tn="PetStore-Assignment_GetID 1-2">
  <assertionResult>
    <name>Field_Assertion</name>
    <failure>false</failure>
    <error>false</error>
  </assertionResult>
  <assertionResult>
    <name>ResponseCode_Assertion</name>
    <failure>false</failure>
    <error>false</error>
  </assertionResult>
  <assertionResult>
    <name>ResponseMessage_Assertion</name>
    <failure>false</failure>
    <error>false</error>
  </assertionResult>
  <requestHeader class="java.lang.String">Connection: keep-alive
Host: localhost:3000
User-Agent: Apache-HttpClient/4.2.6 (java 1.5)
</requestHeader>
  <responseData class="java.lang.String">[
  {
    &quot;id&quot;: 2,
    &quot;name&quot;: &quot;Mickey&quot;,
    &quot;status&quot;: &quot;Sold&quot;
  }
]</responseData>
  <responseFile class="java.lang.String"></responseFile>
</httpSample>

<httpSample ts="1461713754882" s="false" lb="GetByID" rc="200" rm="OK" tn="PetStore-Assignment_GetID 1-1">
  <assertionResult>
    <name>Field_Assertion</name>
    <failure>true</failure>
    <error>false</error>
    <failureMessage>Test failed: text expected to contain /&quot;name&quot;: &quot;Mickey&quot;/</failureMessage>
  </assertionResult>
  <assertionResult>
    <name>ResponseCode_Assertion</name>
    <failure>false</failure>
    <error>false</error>
  </assertionResult>
  <assertionResult>
    <name>ResponseMessage_Assertion</name>
    <failure>false</failure>
    <error>false</error>
  </assertionResult>
  <requestHeader class="java.lang.String">Connection: keep-alive
Host: localhost:3000
User-Agent: Apache-HttpClient/4.2.6 (java 1.5)
</requestHeader>
  <responseData class="java.lang.String">[]</responseData>
  <responseFile class="java.lang.String"></responseFile>
</httpSample>
<httpSample ts="1461713755399" s="false" lb="GetByID" rc="200" rm="OK" tn="PetStore-Assignment_GetID 1-2">
  <assertionResult>
    <name>Field_Assertion</name>
    <failure>true</failure>
    <error>false</error>
    <failureMessage>Test failed: text expected to contain /&quot;name&quot;: &quot;Mickey&quot;/</failureMessage>
  </assertionResult>
  <assertionResult>
    <name>ResponseCode_Assertion</name>
    <failure>false</failure>
    <error>false</error>
  </assertionResult>
  <assertionResult>
    <name>ResponseMessage_Assertion</name>
    <failure>false</failure>
    <error>false</error>
  </assertionResult>
  <requestHeader class="java.lang.String">Connection: keep-alive
Host: localhost:3000
User-Agent: Apache-HttpClient/4.2.6 (java 1.5)
</requestHeader>
  <responseData class="java.lang.String">[]</responseData>
  <responseFile class="java.lang.String"></responseFile>
</httpSample>

</testResults>
