<?xml version="1.0" encoding="UTF-8"?>
<testResults version="1.2">
<httpSample ts="1461713446231" s="true" lb="Post" rc="201" rm="Created" tn="PetStore-Assignment_Post 4-1">
  <assertionResult>
    <name>ResponseCode_Assertion</name>
    <failure>false</failure>
    <error>false</error>
  </assertionResult>
  <assertionResult>
    <name>ResponseMessage_Assertion</name>
    <failure>false</failure>
    <error>false</error>
  </assertionResult>
  <requestHeader class="java.lang.String">Connection: keep-alive
Content-Type: application/x-www-form-urlencoded
Content-Length: 0
Host: localhost:3000
User-Agent: Apache-HttpClient/4.2.6 (java 1.5)
</requestHeader>
  <responseData class="java.lang.String">{
  &quot;id&quot;: 122
}</responseData>
  <responseFile class="java.lang.String"></responseFile>
  <java.net.URL>http://localhost:3000/pets/</java.net.URL>
</httpSample>

<httpSample ts="1461713479047" s="true" lb="Post" rc="201" rm="Created" tn="PetStore-Assignment_Post 4-1">
  <assertionResult>
    <name>ResponseCode_Assertion</name>
    <failure>false</failure>
    <error>false</error>
  </assertionResult>
  <assertionResult>
    <name>ResponseMessage_Assertion</name>
    <failure>false</failure>
    <error>false</error>
  </assertionResult>
  <requestHeader class="java.lang.String">Connection: keep-alive
Content-Type: application/x-www-form-urlencoded
Content-Length: 0
Host: localhost:3000
User-Agent: Apache-HttpClient/4.2.6 (java 1.5)
</requestHeader>
  <responseData class="java.lang.String">{
  &quot;id&quot;: 124
}</responseData>
  <responseFile class="java.lang.String"></responseFile>
  <java.net.URL>http://localhost:3000/pets/</java.net.URL>
</httpSample>

<httpSample ts="1461713508438" s="true" lb="Post" rc="201" rm="Created" tn="PetStore-Assignment_Post 4-1">
  <assertionResult>
    <name>ResponseCode_Assertion</name>
    <failure>false</failure>
    <error>false</error>
  </assertionResult>
  <assertionResult>
    <name>ResponseMessage_Assertion</name>
    <failure>false</failure>
    <error>false</error>
  </assertionResult>
  <requestHeader class="java.lang.String">Connection: keep-alive
Content-Type: application/x-www-form-urlencoded
Content-Length: 0
Host: localhost:3000
User-Agent: Apache-HttpClient/4.2.6 (java 1.5)
</requestHeader>
  <responseData class="java.lang.String">{
  &quot;id&quot;: 126
}</responseData>
  <responseFile class="java.lang.String"></responseFile>
  <java.net.URL>http://localhost:3000/pets/</java.net.URL>
</httpSample>

<httpSample ts="1461713537189" s="true" lb="Post" rc="201" rm="Created" tn="PetStore-Assignment_Post 4-1">
  <assertionResult>
    <name>ResponseCode_Assertion</name>
    <failure>false</failure>
    <error>false</error>
  </assertionResult>
  <assertionResult>
    <name>ResponseMessage_Assertion</name>
    <failure>false</failure>
    <error>false</error>
  </assertionResult>
  <requestHeader class="java.lang.String">Connection: keep-alive
Content-Type: application/x-www-form-urlencoded
Content-Length: 0
Host: localhost:3000
User-Agent: Apache-HttpClient/4.2.6 (java 1.5)
</requestHeader>
  <responseData class="java.lang.String">{
  &quot;id&quot;: 128
}</responseData>
  <responseFile class="java.lang.String"></responseFile>
  <java.net.URL>http://localhost:3000/pets/</java.net.URL>
</httpSample>

<httpSample ts="1461713644552" s="true" lb="Post" rc="201" rm="Created" tn="PetStore-Assignment_Post 4-1">
  <assertionResult>
    <name>ResponseCode_Assertion</name>
    <failure>false</failure>
    <error>false</error>
  </assertionResult>
  <assertionResult>
    <name>ResponseMessage_Assertion</name>
    <failure>false</failure>
    <error>false</error>
  </assertionResult>
  <requestHeader class="java.lang.String">Connection: keep-alive
Content-Type: application/x-www-form-urlencoded
Content-Length: 0
Host: localhost:3000
User-Agent: Apache-HttpClient/4.2.6 (java 1.5)
</requestHeader>
  <responseData class="java.lang.String">{
  &quot;id&quot;: 131
}</responseData>
  <responseFile class="java.lang.String"></responseFile>
  <java.net.URL>http://localhost:3000/pets/</java.net.URL>
</httpSample>

<httpSample ts="1461713754902" s="true" lb="Post" rc="201" rm="Created" tn="PetStore-Assignment_Post 4-1">
  <assertionResult>
    <name>ResponseCode_Assertion</name>
    <failure>false</failure>
    <error>false</error>
  </assertionResult>
  <assertionResult>
    <name>ResponseMessage_Assertion</name>
    <failure>false</failure>
    <error>false</error>
  </assertionResult>
  <requestHeader class="java.lang.String">Connection: keep-alive
Content-Type: application/x-www-form-urlencoded
Content-Length: 0
Host: localhost:3000
User-Agent: Apache-HttpClient/4.2.6 (java 1.5)
</requestHeader>
  <responseData class="java.lang.String">{
  &quot;id&quot;: 133
}</responseData>
  <responseFile class="java.lang.String"></responseFile>
  <java.net.URL>http://localhost:3000/pets/</java.net.URL>
</httpSample>

</testResults>
