<?xml version="1.0" encoding="UTF-8"?>
<testResults version="1.2">
<httpSample t="26" lt="26" ts="1461713479051" s="true" lb="PostByID" rc="201" rm="Created" tn="PetStore-Assignment_PostID 2-1" dt="text" by="453" ng="1" na="3">
  <assertionResult>
    <name>Field_Assertion</name>
    <failure>false</failure>
    <error>false</error>
  </assertionResult>
  <assertionResult>
    <name>ResponseCode_Assertion</name>
    <failure>false</failure>
    <error>false</error>
  </assertionResult>
  <assertionResult>
    <name>ResponseMessage_Assertion</name>
    <failure>false</failure>
    <error>false</error>
  </assertionResult>
  <requestHeader class="java.lang.String">Connection: keep-alive
Content-Type: application/x-www-form-urlencoded
Content-Length: 25
Host: localhost:3000
User-Agent: Apache-HttpClient/4.2.6 (java 1.5)
</requestHeader>
  <responseData class="java.lang.String">{
  &quot;name&quot;: &quot;Zuber&quot;,
  &quot;status&quot;: &quot;Qureshi&quot;,
  &quot;id&quot;: 125
}</responseData>
  <responseFile class="java.lang.String"></responseFile>
  <cookies class="java.lang.String"></cookies>
  <method class="java.lang.String">POST</method>
  <queryString class="java.lang.String">name=Zuber&amp;status=Qureshi</queryString>
</httpSample>

<httpSample t="52" lt="52" ts="1461713508453" s="true" lb="PostByID" rc="201" rm="Created" tn="PetStore-Assignment_PostID 2-1" dt="text" by="453" ng="1" na="1">
  <assertionResult>
    <name>Field_Assertion</name>
    <failure>false</failure>
    <error>false</error>
  </assertionResult>
  <assertionResult>
    <name>ResponseCode_Assertion</name>
    <failure>false</failure>
    <error>false</error>
  </assertionResult>
  <assertionResult>
    <name>ResponseMessage_Assertion</name>
    <failure>false</failure>
    <error>false</error>
  </assertionResult>
  <requestHeader class="java.lang.String">Connection: keep-alive
Content-Type: application/x-www-form-urlencoded
Content-Length: 25
Host: localhost:3000
User-Agent: Apache-HttpClient/4.2.6 (java 1.5)
</requestHeader>
  <responseData class="java.lang.String">{
  &quot;name&quot;: &quot;Zuber&quot;,
  &quot;status&quot;: &quot;Qureshi&quot;,
  &quot;id&quot;: 127
}</responseData>
  <responseFile class="java.lang.String"></responseFile>
  <cookies class="java.lang.String"></cookies>
  <method class="java.lang.String">POST</method>
  <queryString class="java.lang.String">name=Zuber&amp;status=Qureshi</queryString>
</httpSample>

<httpSample t="51" lt="51" ts="1461713537178" s="true" lb="PostByID" rc="201" rm="Created" tn="PetStore-Assignment_PostID 2-1" dt="text" by="453" ng="1" na="4">
  <assertionResult>
    <name>Field_Assertion</name>
    <failure>false</failure>
    <error>false</error>
  </assertionResult>
  <assertionResult>
    <name>ResponseCode_Assertion</name>
    <failure>false</failure>
    <error>false</error>
  </assertionResult>
  <assertionResult>
    <name>ResponseMessage_Assertion</name>
    <failure>false</failure>
    <error>false</error>
  </assertionResult>
  <requestHeader class="java.lang.String">Connection: keep-alive
Content-Type: application/x-www-form-urlencoded
Content-Length: 25
Host: localhost:3000
User-Agent: Apache-HttpClient/4.2.6 (java 1.5)
</requestHeader>
  <responseData class="java.lang.String">{
  &quot;name&quot;: &quot;Zuber&quot;,
  &quot;status&quot;: &quot;Qureshi&quot;,
  &quot;id&quot;: 129
}</responseData>
  <responseFile class="java.lang.String"></responseFile>
  <cookies class="java.lang.String"></cookies>
  <method class="java.lang.String">POST</method>
  <queryString class="java.lang.String">name=Zuber&amp;status=Qureshi</queryString>
</httpSample>

<httpSample t="27" lt="27" ts="1461713644541" s="true" lb="PostByID" rc="201" rm="Created" tn="PetStore-Assignment_PostID 2-1" dt="text" by="453" ng="1" na="7">
  <assertionResult>
    <name>Field_Assertion</name>
    <failure>false</failure>
    <error>false</error>
  </assertionResult>
  <assertionResult>
    <name>ResponseCode_Assertion</name>
    <failure>false</failure>
    <error>false</error>
  </assertionResult>
  <assertionResult>
    <name>ResponseMessage_Assertion</name>
    <failure>false</failure>
    <error>false</error>
  </assertionResult>
  <requestHeader class="java.lang.String">Connection: keep-alive
Content-Type: application/x-www-form-urlencoded
Content-Length: 25
Host: localhost:3000
User-Agent: Apache-HttpClient/4.2.6 (java 1.5)
</requestHeader>
  <responseData class="java.lang.String">{
  &quot;name&quot;: &quot;Zuber&quot;,
  &quot;status&quot;: &quot;Qureshi&quot;,
  &quot;id&quot;: 130
}</responseData>
  <responseFile class="java.lang.String"></responseFile>
  <cookies class="java.lang.String"></cookies>
  <method class="java.lang.String">POST</method>
  <queryString class="java.lang.String">name=Zuber&amp;status=Qureshi</queryString>
</httpSample>

<httpSample t="42" lt="42" ts="1461713754894" s="true" lb="PostByID" rc="201" rm="Created" tn="PetStore-Assignment_PostID 2-1" dt="text" by="453" ng="1" na="5">
  <assertionResult>
    <name>Field_Assertion</name>
    <failure>false</failure>
    <error>false</error>
  </assertionResult>
  <assertionResult>
    <name>ResponseCode_Assertion</name>
    <failure>false</failure>
    <error>false</error>
  </assertionResult>
  <assertionResult>
    <name>ResponseMessage_Assertion</name>
    <failure>false</failure>
    <error>false</error>
  </assertionResult>
  <requestHeader class="java.lang.String">Connection: keep-alive
Content-Type: application/x-www-form-urlencoded
Content-Length: 25
Host: localhost:3000
User-Agent: Apache-HttpClient/4.2.6 (java 1.5)
</requestHeader>
  <responseData class="java.lang.String">{
  &quot;name&quot;: &quot;Zuber&quot;,
  &quot;status&quot;: &quot;Qureshi&quot;,
  &quot;id&quot;: 132
}</responseData>
  <responseFile class="java.lang.String"></responseFile>
  <cookies class="java.lang.String"></cookies>
  <method class="java.lang.String">POST</method>
  <queryString class="java.lang.String">name=Zuber&amp;status=Qureshi</queryString>
</httpSample>

</testResults>
