<?xml version="1.0" encoding="UTF-8"?>
<testResults version="1.2">
<httpSample ts="1461738923540" s="true" rc="200" rm="OK" tn="PetStoreAssignment_GetByID 1-1" dt="text">
  <assertionResult>
    <name>Response Assertion</name>
    <failure>false</failure>
    <error>false</error>
  </assertionResult>
  <assertionResult>
    <name>Response Assertion</name>
    <failure>false</failure>
    <error>false</error>
  </assertionResult>
  <assertionResult>
    <name>Response Assertion</name>
    <failure>false</failure>
    <error>false</error>
  </assertionResult>
  <responseHeader class="java.lang.String">HTTP/1.1 200 OK
X-Powered-By: Express
Vary: Origin, Accept-Encoding
Access-Control-Allow-Credentials: true
Cache-Control: no-cache
Pragma: no-cache
Expires: -1
X-Content-Type-Options: nosniff
Content-Type: application/json; charset=utf-8
Content-Length: 66
ETag: W/&quot;42-8T+ZsA0k6fSnWb1T7oe9bg&quot;
Date: Wed, 27 Apr 2016 06:35:23 GMT
Connection: keep-alive
</responseHeader>
  <requestHeader class="java.lang.String">Connection: keep-alive
Host: localhost:3000
User-Agent: Apache-HttpClient/4.2.6 (java 1.5)
</requestHeader>
  <responseData class="java.lang.String">[
  {
    &quot;id&quot;: 1,
    &quot;name&quot;: &quot;Pluto&quot;,
    &quot;status&quot;: &quot;Sold&quot;
  }
]</responseData>
</httpSample>

<httpSample ts="1461738966659" s="true" rc="200" rm="OK" tn="PetStoreAssignment_GetByID 1-1" dt="text">
  <assertionResult>
    <name>Response Assertion</name>
    <failure>false</failure>
    <error>false</error>
  </assertionResult>
  <assertionResult>
    <name>Response Assertion</name>
    <failure>false</failure>
    <error>false</error>
  </assertionResult>
  <assertionResult>
    <name>Response Assertion</name>
    <failure>false</failure>
    <error>false</error>
  </assertionResult>
  <responseHeader class="java.lang.String">HTTP/1.1 200 OK
X-Powered-By: Express
Vary: Origin, Accept-Encoding
Access-Control-Allow-Credentials: true
Cache-Control: no-cache
Pragma: no-cache
Expires: -1
X-Content-Type-Options: nosniff
Content-Type: application/json; charset=utf-8
Content-Length: 66
ETag: W/&quot;42-8T+ZsA0k6fSnWb1T7oe9bg&quot;
Date: Wed, 27 Apr 2016 06:36:06 GMT
Connection: keep-alive
</responseHeader>
  <requestHeader class="java.lang.String">Connection: keep-alive
Host: localhost:3000
User-Agent: Apache-HttpClient/4.2.6 (java 1.5)
</requestHeader>
  <responseData class="java.lang.String">[
  {
    &quot;id&quot;: 1,
    &quot;name&quot;: &quot;Pluto&quot;,
    &quot;status&quot;: &quot;Sold&quot;
  }
]</responseData>
</httpSample>

<httpSample ts="1461739056798" s="true" rc="200" rm="OK" tn="PetStoreAssignment_GetByID 1-1" dt="text">
  <assertionResult>
    <name>Response Assertion</name>
    <failure>false</failure>
    <error>false</error>
  </assertionResult>
  <assertionResult>
    <name>Response Assertion</name>
    <failure>false</failure>
    <error>false</error>
  </assertionResult>
  <assertionResult>
    <name>Response Assertion</name>
    <failure>false</failure>
    <error>false</error>
  </assertionResult>
  <responseHeader class="java.lang.String">HTTP/1.1 200 OK
X-Powered-By: Express
Vary: Origin, Accept-Encoding
Access-Control-Allow-Credentials: true
Cache-Control: no-cache
Pragma: no-cache
Expires: -1
X-Content-Type-Options: nosniff
Content-Type: application/json; charset=utf-8
Content-Length: 66
ETag: W/&quot;42-8T+ZsA0k6fSnWb1T7oe9bg&quot;
Date: Wed, 27 Apr 2016 06:37:36 GMT
Connection: keep-alive
</responseHeader>
  <requestHeader class="java.lang.String">Connection: keep-alive
Host: localhost:3000
User-Agent: Apache-HttpClient/4.2.6 (java 1.5)
</requestHeader>
  <responseData class="java.lang.String">[
  {
    &quot;id&quot;: 1,
    &quot;name&quot;: &quot;Pluto&quot;,
    &quot;status&quot;: &quot;Sold&quot;
  }
]</responseData>
</httpSample>

<httpSample ts="1461739062453" s="true" rc="200" rm="OK" tn="PetStoreAssignment_GetByID 1-1" dt="text">
  <assertionResult>
    <name>Response Assertion</name>
    <failure>false</failure>
    <error>false</error>
  </assertionResult>
  <assertionResult>
    <name>Response Assertion</name>
    <failure>false</failure>
    <error>false</error>
  </assertionResult>
  <assertionResult>
    <name>Response Assertion</name>
    <failure>false</failure>
    <error>false</error>
  </assertionResult>
  <responseHeader class="java.lang.String">HTTP/1.1 200 OK
X-Powered-By: Express
Vary: Origin, Accept-Encoding
Access-Control-Allow-Credentials: true
Cache-Control: no-cache
Pragma: no-cache
Expires: -1
X-Content-Type-Options: nosniff
Content-Type: application/json; charset=utf-8
Content-Length: 66
ETag: W/&quot;42-8T+ZsA0k6fSnWb1T7oe9bg&quot;
Date: Wed, 27 Apr 2016 06:37:42 GMT
Connection: keep-alive
</responseHeader>
  <requestHeader class="java.lang.String">Connection: keep-alive
Host: localhost:3000
User-Agent: Apache-HttpClient/4.2.6 (java 1.5)
</requestHeader>
  <responseData class="java.lang.String">[
  {
    &quot;id&quot;: 1,
    &quot;name&quot;: &quot;Pluto&quot;,
    &quot;status&quot;: &quot;Sold&quot;
  }
]</responseData>
</httpSample>

<httpSample ts="1461739158886" s="true" rc="200" rm="OK" tn="PetStoreAssignment_GetByID 1-1" dt="text">
  <assertionResult>
    <name>Response Assertion</name>
    <failure>false</failure>
    <error>false</error>
  </assertionResult>
  <assertionResult>
    <name>Response Assertion</name>
    <failure>false</failure>
    <error>false</error>
  </assertionResult>
  <assertionResult>
    <name>Response Assertion</name>
    <failure>false</failure>
    <error>false</error>
  </assertionResult>
  <responseHeader class="java.lang.String">HTTP/1.1 200 OK
X-Powered-By: Express
Vary: Origin, Accept-Encoding
Access-Control-Allow-Credentials: true
Cache-Control: no-cache
Pragma: no-cache
Expires: -1
X-Content-Type-Options: nosniff
Content-Type: application/json; charset=utf-8
Content-Length: 66
ETag: W/&quot;42-8T+ZsA0k6fSnWb1T7oe9bg&quot;
Date: Wed, 27 Apr 2016 06:39:18 GMT
Connection: keep-alive
</responseHeader>
  <requestHeader class="java.lang.String">Connection: keep-alive
Host: localhost:3000
User-Agent: Apache-HttpClient/4.2.6 (java 1.5)
</requestHeader>
  <responseData class="java.lang.String">[
  {
    &quot;id&quot;: 1,
    &quot;name&quot;: &quot;Pluto&quot;,
    &quot;status&quot;: &quot;Sold&quot;
  }
]</responseData>
</httpSample>

<httpSample ts="1461739266314" s="true" rc="200" rm="OK" tn="PetStoreAssignment_GetByID 1-1" dt="text">
  <assertionResult>
    <name>Response Assertion</name>
    <failure>false</failure>
    <error>false</error>
  </assertionResult>
  <assertionResult>
    <name>Response Assertion</name>
    <failure>false</failure>
    <error>false</error>
  </assertionResult>
  <assertionResult>
    <name>Response Assertion</name>
    <failure>false</failure>
    <error>false</error>
  </assertionResult>
  <responseHeader class="java.lang.String">HTTP/1.1 200 OK
X-Powered-By: Express
Vary: Origin, Accept-Encoding
Access-Control-Allow-Credentials: true
Cache-Control: no-cache
Pragma: no-cache
Expires: -1
X-Content-Type-Options: nosniff
Content-Type: application/json; charset=utf-8
Content-Length: 66
ETag: W/&quot;42-8T+ZsA0k6fSnWb1T7oe9bg&quot;
Date: Wed, 27 Apr 2016 06:41:06 GMT
Connection: keep-alive
</responseHeader>
  <requestHeader class="java.lang.String">Connection: keep-alive
Host: localhost:3000
User-Agent: Apache-HttpClient/4.2.6 (java 1.5)
</requestHeader>
  <responseData class="java.lang.String">[
  {
    &quot;id&quot;: 1,
    &quot;name&quot;: &quot;Pluto&quot;,
    &quot;status&quot;: &quot;Sold&quot;
  }
]</responseData>
</httpSample>

<httpSample ts="1461739603889" s="true" rc="200" rm="OK" tn="PetStoreAssignment_GetByID 1-1" dt="text">
  <assertionResult>
    <name>Response Assertion</name>
    <failure>false</failure>
    <error>false</error>
  </assertionResult>
  <assertionResult>
    <name>Response Assertion</name>
    <failure>false</failure>
    <error>false</error>
  </assertionResult>
  <assertionResult>
    <name>Response Assertion</name>
    <failure>false</failure>
    <error>false</error>
  </assertionResult>
  <responseHeader class="java.lang.String">HTTP/1.1 200 OK
X-Powered-By: Express
Vary: Origin, Accept-Encoding
Access-Control-Allow-Credentials: true
Cache-Control: no-cache
Pragma: no-cache
Expires: -1
X-Content-Type-Options: nosniff
Content-Type: application/json; charset=utf-8
Content-Length: 66
ETag: W/&quot;42-8T+ZsA0k6fSnWb1T7oe9bg&quot;
Date: Wed, 27 Apr 2016 06:46:43 GMT
Connection: keep-alive
</responseHeader>
  <requestHeader class="java.lang.String">Connection: keep-alive
Host: localhost:3000
User-Agent: Apache-HttpClient/4.2.6 (java 1.5)
</requestHeader>
  <responseData class="java.lang.String">[
  {
    &quot;id&quot;: 1,
    &quot;name&quot;: &quot;Pluto&quot;,
    &quot;status&quot;: &quot;Sold&quot;
  }
]</responseData>
</httpSample>

<httpSample ts="1461739649417" s="true" rc="200" rm="OK" tn="PetStoreAssignment_GetByID 1-1" dt="text">
  <assertionResult>
    <name>Response Assertion</name>
    <failure>false</failure>
    <error>false</error>
  </assertionResult>
  <assertionResult>
    <name>Response Assertion</name>
    <failure>false</failure>
    <error>false</error>
  </assertionResult>
  <assertionResult>
    <name>Response Assertion</name>
    <failure>false</failure>
    <error>false</error>
  </assertionResult>
  <responseHeader class="java.lang.String">HTTP/1.1 200 OK
X-Powered-By: Express
Vary: Origin, Accept-Encoding
Access-Control-Allow-Credentials: true
Cache-Control: no-cache
Pragma: no-cache
Expires: -1
X-Content-Type-Options: nosniff
Content-Type: application/json; charset=utf-8
Content-Length: 66
ETag: W/&quot;42-8T+ZsA0k6fSnWb1T7oe9bg&quot;
Date: Wed, 27 Apr 2016 06:47:29 GMT
Connection: keep-alive
</responseHeader>
  <requestHeader class="java.lang.String">Connection: keep-alive
Host: localhost:3000
User-Agent: Apache-HttpClient/4.2.6 (java 1.5)
</requestHeader>
  <responseData class="java.lang.String">[
  {
    &quot;id&quot;: 1,
    &quot;name&quot;: &quot;Pluto&quot;,
    &quot;status&quot;: &quot;Sold&quot;
  }
]</responseData>
</httpSample>

<httpSample ts="1461739658249" s="true" rc="200" rm="OK" tn="PetStoreAssignment_GetByID 1-1" dt="text">
  <assertionResult>
    <name>Response Assertion</name>
    <failure>false</failure>
    <error>false</error>
  </assertionResult>
  <assertionResult>
    <name>Response Assertion</name>
    <failure>false</failure>
    <error>false</error>
  </assertionResult>
  <assertionResult>
    <name>Response Assertion</name>
    <failure>false</failure>
    <error>false</error>
  </assertionResult>
  <responseHeader class="java.lang.String">HTTP/1.1 200 OK
X-Powered-By: Express
Vary: Origin, Accept-Encoding
Access-Control-Allow-Credentials: true
Cache-Control: no-cache
Pragma: no-cache
Expires: -1
X-Content-Type-Options: nosniff
Content-Type: application/json; charset=utf-8
Content-Length: 66
ETag: W/&quot;42-8T+ZsA0k6fSnWb1T7oe9bg&quot;
Date: Wed, 27 Apr 2016 06:47:38 GMT
Connection: keep-alive
</responseHeader>
  <requestHeader class="java.lang.String">Connection: keep-alive
Host: localhost:3000
User-Agent: Apache-HttpClient/4.2.6 (java 1.5)
</requestHeader>
  <responseData class="java.lang.String">[
  {
    &quot;id&quot;: 1,
    &quot;name&quot;: &quot;Pluto&quot;,
    &quot;status&quot;: &quot;Sold&quot;
  }
]</responseData>
</httpSample>

<httpSample ts="1461739706574" s="true" rc="200" rm="OK" tn="PetStoreAssignment_GetByID 1-1" dt="text">
  <assertionResult>
    <name>Response Assertion</name>
    <failure>false</failure>
    <error>false</error>
  </assertionResult>
  <assertionResult>
    <name>Response Assertion</name>
    <failure>false</failure>
    <error>false</error>
  </assertionResult>
  <assertionResult>
    <name>Response Assertion</name>
    <failure>false</failure>
    <error>false</error>
  </assertionResult>
  <responseHeader class="java.lang.String">HTTP/1.1 200 OK
X-Powered-By: Express
Vary: Origin, Accept-Encoding
Access-Control-Allow-Credentials: true
Cache-Control: no-cache
Pragma: no-cache
Expires: -1
X-Content-Type-Options: nosniff
Content-Type: application/json; charset=utf-8
Content-Length: 66
ETag: W/&quot;42-8T+ZsA0k6fSnWb1T7oe9bg&quot;
Date: Wed, 27 Apr 2016 06:48:26 GMT
Connection: keep-alive
</responseHeader>
  <requestHeader class="java.lang.String">Connection: keep-alive
Host: localhost:3000
User-Agent: Apache-HttpClient/4.2.6 (java 1.5)
</requestHeader>
  <responseData class="java.lang.String">[
  {
    &quot;id&quot;: 1,
    &quot;name&quot;: &quot;Pluto&quot;,
    &quot;status&quot;: &quot;Sold&quot;
  }
]</responseData>
</httpSample>

<httpSample ts="1461739751430" s="true" rc="200" rm="OK" tn="PetStoreAssignment_GetByID 1-1" dt="text">
  <assertionResult>
    <name>Response Assertion</name>
    <failure>false</failure>
    <error>false</error>
  </assertionResult>
  <assertionResult>
    <name>Response Assertion</name>
    <failure>false</failure>
    <error>false</error>
  </assertionResult>
  <assertionResult>
    <name>Response Assertion</name>
    <failure>false</failure>
    <error>false</error>
  </assertionResult>
  <responseHeader class="java.lang.String">HTTP/1.1 200 OK
X-Powered-By: Express
Vary: Origin, Accept-Encoding
Access-Control-Allow-Credentials: true
Cache-Control: no-cache
Pragma: no-cache
Expires: -1
X-Content-Type-Options: nosniff
Content-Type: application/json; charset=utf-8
Content-Length: 66
ETag: W/&quot;42-8T+ZsA0k6fSnWb1T7oe9bg&quot;
Date: Wed, 27 Apr 2016 06:49:11 GMT
Connection: keep-alive
</responseHeader>
  <requestHeader class="java.lang.String">Connection: keep-alive
Host: localhost:3000
User-Agent: Apache-HttpClient/4.2.6 (java 1.5)
</requestHeader>
  <responseData class="java.lang.String">[
  {
    &quot;id&quot;: 1,
    &quot;name&quot;: &quot;Pluto&quot;,
    &quot;status&quot;: &quot;Sold&quot;
  }
]</responseData>
</httpSample>

<httpSample ts="1461739911949" s="true" rc="200" rm="OK" tn="PetStoreAssignment_GetByID 1-1" dt="text">
  <assertionResult>
    <name>Response Assertion</name>
    <failure>false</failure>
    <error>false</error>
  </assertionResult>
  <assertionResult>
    <name>Response Assertion</name>
    <failure>false</failure>
    <error>false</error>
  </assertionResult>
  <assertionResult>
    <name>Response Assertion</name>
    <failure>false</failure>
    <error>false</error>
  </assertionResult>
  <responseHeader class="java.lang.String">HTTP/1.1 200 OK
X-Powered-By: Express
Vary: Origin, Accept-Encoding
Access-Control-Allow-Credentials: true
Cache-Control: no-cache
Pragma: no-cache
Expires: -1
X-Content-Type-Options: nosniff
Content-Type: application/json; charset=utf-8
Content-Length: 66
ETag: W/&quot;42-8T+ZsA0k6fSnWb1T7oe9bg&quot;
Date: Wed, 27 Apr 2016 06:51:51 GMT
Connection: keep-alive
</responseHeader>
  <requestHeader class="java.lang.String">Connection: keep-alive
Host: localhost:3000
User-Agent: Apache-HttpClient/4.2.6 (java 1.5)
</requestHeader>
  <responseData class="java.lang.String">[
  {
    &quot;id&quot;: 1,
    &quot;name&quot;: &quot;Pluto&quot;,
    &quot;status&quot;: &quot;Sold&quot;
  }
]</responseData>
</httpSample>

<httpSample ts="1461740070599" s="true" rc="200" rm="OK" tn="PetStoreAssignment_GetByID 1-1" dt="text">
  <assertionResult>
    <name>Response Assertion</name>
    <failure>false</failure>
    <error>false</error>
  </assertionResult>
  <assertionResult>
    <name>Response Assertion</name>
    <failure>false</failure>
    <error>false</error>
  </assertionResult>
  <assertionResult>
    <name>Response Assertion</name>
    <failure>false</failure>
    <error>false</error>
  </assertionResult>
  <responseHeader class="java.lang.String">HTTP/1.1 200 OK
X-Powered-By: Express
Vary: Origin, Accept-Encoding
Access-Control-Allow-Credentials: true
Cache-Control: no-cache
Pragma: no-cache
Expires: -1
X-Content-Type-Options: nosniff
Content-Type: application/json; charset=utf-8
Content-Length: 66
ETag: W/&quot;42-8T+ZsA0k6fSnWb1T7oe9bg&quot;
Date: Wed, 27 Apr 2016 06:54:30 GMT
Connection: keep-alive
</responseHeader>
  <requestHeader class="java.lang.String">Connection: keep-alive
Host: localhost:3000
User-Agent: Apache-HttpClient/4.2.6 (java 1.5)
</requestHeader>
  <responseData class="java.lang.String">[
  {
    &quot;id&quot;: 1,
    &quot;name&quot;: &quot;Pluto&quot;,
    &quot;status&quot;: &quot;Sold&quot;
  }
]</responseData>
</httpSample>
<httpSample ts="1461740070610" s="false" rc="200" rm="OK" tn="PetStoreAssignment_GetByInvalidID 7-1" dt="text">
  <assertionResult>
    <name>Response Assertion</name>
    <failure>false</failure>
    <error>false</error>
  </assertionResult>
  <assertionResult>
    <name>Response Assertion</name>
    <failure>false</failure>
    <error>false</error>
  </assertionResult>
  <assertionResult>
    <name>Response Assertion</name>
    <failure>true</failure>
    <error>false</error>
    <failureMessage>Test failed: text expected to contain /&quot;id&quot;: 500/</failureMessage>
  </assertionResult>
  <responseHeader class="java.lang.String">HTTP/1.1 200 OK
X-Powered-By: Express
Vary: Origin, Accept-Encoding
Access-Control-Allow-Credentials: true
Cache-Control: no-cache
Pragma: no-cache
Expires: -1
X-Content-Type-Options: nosniff
Content-Type: application/json; charset=utf-8
Content-Length: 2
ETag: W/&quot;2-11FxOYiYfpMxmANj4kGJzg&quot;
Date: Wed, 27 Apr 2016 06:54:30 GMT
Connection: keep-alive
</responseHeader>
  <requestHeader class="java.lang.String">Connection: keep-alive
Host: localhost:3000
User-Agent: Apache-HttpClient/4.2.6 (java 1.5)
</requestHeader>
  <responseData class="java.lang.String">[]</responseData>
</httpSample>

<httpSample ts="1461740135281" s="true" rc="200" rm="OK" tn="PetStoreAssignment_GetByID 1-1" dt="text">
  <assertionResult>
    <name>Response Assertion</name>
    <failure>false</failure>
    <error>false</error>
  </assertionResult>
  <assertionResult>
    <name>Response Assertion</name>
    <failure>false</failure>
    <error>false</error>
  </assertionResult>
  <assertionResult>
    <name>Response Assertion</name>
    <failure>false</failure>
    <error>false</error>
  </assertionResult>
  <responseHeader class="java.lang.String">HTTP/1.1 200 OK
X-Powered-By: Express
Vary: Origin, Accept-Encoding
Access-Control-Allow-Credentials: true
Cache-Control: no-cache
Pragma: no-cache
Expires: -1
X-Content-Type-Options: nosniff
Content-Type: application/json; charset=utf-8
Content-Length: 66
ETag: W/&quot;42-8T+ZsA0k6fSnWb1T7oe9bg&quot;
Date: Wed, 27 Apr 2016 06:55:35 GMT
Connection: keep-alive
</responseHeader>
  <requestHeader class="java.lang.String">Connection: keep-alive
Host: localhost:3000
User-Agent: Apache-HttpClient/4.2.6 (java 1.5)
</requestHeader>
  <responseData class="java.lang.String">[
  {
    &quot;id&quot;: 1,
    &quot;name&quot;: &quot;Pluto&quot;,
    &quot;status&quot;: &quot;Sold&quot;
  }
]</responseData>
</httpSample>

<httpSample ts="1461740171335" s="true" rc="200" rm="OK" tn="PetStoreAssignment_GetByID 1-1" dt="text">
  <assertionResult>
    <name>Response Assertion</name>
    <failure>false</failure>
    <error>false</error>
  </assertionResult>
  <assertionResult>
    <name>Response Assertion</name>
    <failure>false</failure>
    <error>false</error>
  </assertionResult>
  <assertionResult>
    <name>Response Assertion</name>
    <failure>false</failure>
    <error>false</error>
  </assertionResult>
  <responseHeader class="java.lang.String">HTTP/1.1 200 OK
X-Powered-By: Express
Vary: Origin, Accept-Encoding
Access-Control-Allow-Credentials: true
Cache-Control: no-cache
Pragma: no-cache
Expires: -1
X-Content-Type-Options: nosniff
Content-Type: application/json; charset=utf-8
Content-Length: 66
ETag: W/&quot;42-8T+ZsA0k6fSnWb1T7oe9bg&quot;
Date: Wed, 27 Apr 2016 06:56:11 GMT
Connection: keep-alive
</responseHeader>
  <requestHeader class="java.lang.String">Connection: keep-alive
Host: localhost:3000
User-Agent: Apache-HttpClient/4.2.6 (java 1.5)
</requestHeader>
  <responseData class="java.lang.String">[
  {
    &quot;id&quot;: 1,
    &quot;name&quot;: &quot;Pluto&quot;,
    &quot;status&quot;: &quot;Sold&quot;
  }
]</responseData>
</httpSample>

<httpSample ts="1461740175164" s="true" rc="200" rm="OK" tn="PetStoreAssignment_GetByID 1-1" dt="text">
  <assertionResult>
    <name>Response Assertion</name>
    <failure>false</failure>
    <error>false</error>
  </assertionResult>
  <assertionResult>
    <name>Response Assertion</name>
    <failure>false</failure>
    <error>false</error>
  </assertionResult>
  <assertionResult>
    <name>Response Assertion</name>
    <failure>false</failure>
    <error>false</error>
  </assertionResult>
  <responseHeader class="java.lang.String">HTTP/1.1 200 OK
X-Powered-By: Express
Vary: Origin, Accept-Encoding
Access-Control-Allow-Credentials: true
Cache-Control: no-cache
Pragma: no-cache
Expires: -1
X-Content-Type-Options: nosniff
Content-Type: application/json; charset=utf-8
Content-Length: 66
ETag: W/&quot;42-8T+ZsA0k6fSnWb1T7oe9bg&quot;
Date: Wed, 27 Apr 2016 06:56:15 GMT
Connection: keep-alive
</responseHeader>
  <requestHeader class="java.lang.String">Connection: keep-alive
Host: localhost:3000
User-Agent: Apache-HttpClient/4.2.6 (java 1.5)
</requestHeader>
  <responseData class="java.lang.String">[
  {
    &quot;id&quot;: 1,
    &quot;name&quot;: &quot;Pluto&quot;,
    &quot;status&quot;: &quot;Sold&quot;
  }
]</responseData>
</httpSample>

<httpSample ts="1461740198707" s="true" rc="200" rm="OK" tn="PetStoreAssignment_GetByID 1-1" dt="text">
  <assertionResult>
    <name>Response Assertion</name>
    <failure>false</failure>
    <error>false</error>
  </assertionResult>
  <assertionResult>
    <name>Response Assertion</name>
    <failure>false</failure>
    <error>false</error>
  </assertionResult>
  <assertionResult>
    <name>Response Assertion</name>
    <failure>false</failure>
    <error>false</error>
  </assertionResult>
  <responseHeader class="java.lang.String">HTTP/1.1 200 OK
X-Powered-By: Express
Vary: Origin, Accept-Encoding
Access-Control-Allow-Credentials: true
Cache-Control: no-cache
Pragma: no-cache
Expires: -1
X-Content-Type-Options: nosniff
Content-Type: application/json; charset=utf-8
Content-Length: 66
ETag: W/&quot;42-8T+ZsA0k6fSnWb1T7oe9bg&quot;
Date: Wed, 27 Apr 2016 06:56:38 GMT
Connection: keep-alive
</responseHeader>
  <requestHeader class="java.lang.String">Connection: keep-alive
Host: localhost:3000
User-Agent: Apache-HttpClient/4.2.6 (java 1.5)
</requestHeader>
  <responseData class="java.lang.String">[
  {
    &quot;id&quot;: 1,
    &quot;name&quot;: &quot;Pluto&quot;,
    &quot;status&quot;: &quot;Sold&quot;
  }
]</responseData>
</httpSample>

<httpSample ts="1461740216665" s="true" rc="200" rm="OK" tn="PetStoreAssignment_GetByID 1-1" dt="text">
  <assertionResult>
    <name>Response Assertion</name>
    <failure>false</failure>
    <error>false</error>
  </assertionResult>
  <assertionResult>
    <name>Response Assertion</name>
    <failure>false</failure>
    <error>false</error>
  </assertionResult>
  <assertionResult>
    <name>Response Assertion</name>
    <failure>false</failure>
    <error>false</error>
  </assertionResult>
  <responseHeader class="java.lang.String">HTTP/1.1 200 OK
X-Powered-By: Express
Vary: Origin, Accept-Encoding
Access-Control-Allow-Credentials: true
Cache-Control: no-cache
Pragma: no-cache
Expires: -1
X-Content-Type-Options: nosniff
Content-Type: application/json; charset=utf-8
Content-Length: 66
ETag: W/&quot;42-8T+ZsA0k6fSnWb1T7oe9bg&quot;
Date: Wed, 27 Apr 2016 06:56:56 GMT
Connection: keep-alive
</responseHeader>
  <requestHeader class="java.lang.String">Connection: keep-alive
Host: localhost:3000
User-Agent: Apache-HttpClient/4.2.6 (java 1.5)
</requestHeader>
  <responseData class="java.lang.String">[
  {
    &quot;id&quot;: 1,
    &quot;name&quot;: &quot;Pluto&quot;,
    &quot;status&quot;: &quot;Sold&quot;
  }
]</responseData>
</httpSample>

<httpSample ts="1461740220154" s="true" rc="200" rm="OK" tn="PetStoreAssignment_GetByID 1-1" dt="text">
  <assertionResult>
    <name>Response Assertion</name>
    <failure>false</failure>
    <error>false</error>
  </assertionResult>
  <assertionResult>
    <name>Response Assertion</name>
    <failure>false</failure>
    <error>false</error>
  </assertionResult>
  <assertionResult>
    <name>Response Assertion</name>
    <failure>false</failure>
    <error>false</error>
  </assertionResult>
  <responseHeader class="java.lang.String">HTTP/1.1 200 OK
X-Powered-By: Express
Vary: Origin, Accept-Encoding
Access-Control-Allow-Credentials: true
Cache-Control: no-cache
Pragma: no-cache
Expires: -1
X-Content-Type-Options: nosniff
Content-Type: application/json; charset=utf-8
Content-Length: 66
ETag: W/&quot;42-8T+ZsA0k6fSnWb1T7oe9bg&quot;
Date: Wed, 27 Apr 2016 06:57:00 GMT
Connection: keep-alive
</responseHeader>
  <requestHeader class="java.lang.String">Connection: keep-alive
Host: localhost:3000
User-Agent: Apache-HttpClient/4.2.6 (java 1.5)
</requestHeader>
  <responseData class="java.lang.String">[
  {
    &quot;id&quot;: 1,
    &quot;name&quot;: &quot;Pluto&quot;,
    &quot;status&quot;: &quot;Sold&quot;
  }
]</responseData>
</httpSample>

<httpSample ts="1461740232995" s="true" rc="200" rm="OK" tn="PetStoreAssignment_GetByID 1-1" dt="text">
  <assertionResult>
    <name>Response Assertion</name>
    <failure>false</failure>
    <error>false</error>
  </assertionResult>
  <assertionResult>
    <name>Response Assertion</name>
    <failure>false</failure>
    <error>false</error>
  </assertionResult>
  <assertionResult>
    <name>Response Assertion</name>
    <failure>false</failure>
    <error>false</error>
  </assertionResult>
  <responseHeader class="java.lang.String">HTTP/1.1 200 OK
X-Powered-By: Express
Vary: Origin, Accept-Encoding
Access-Control-Allow-Credentials: true
Cache-Control: no-cache
Pragma: no-cache
Expires: -1
X-Content-Type-Options: nosniff
Content-Type: application/json; charset=utf-8
Content-Length: 66
ETag: W/&quot;42-8T+ZsA0k6fSnWb1T7oe9bg&quot;
Date: Wed, 27 Apr 2016 06:57:13 GMT
Connection: keep-alive
</responseHeader>
  <requestHeader class="java.lang.String">Connection: keep-alive
Host: localhost:3000
User-Agent: Apache-HttpClient/4.2.6 (java 1.5)
</requestHeader>
  <responseData class="java.lang.String">[
  {
    &quot;id&quot;: 1,
    &quot;name&quot;: &quot;Pluto&quot;,
    &quot;status&quot;: &quot;Sold&quot;
  }
]</responseData>
</httpSample>

<httpSample ts="1461740236447" s="true" rc="200" rm="OK" tn="PetStoreAssignment_GetByID 1-1" dt="text">
  <assertionResult>
    <name>Response Assertion</name>
    <failure>false</failure>
    <error>false</error>
  </assertionResult>
  <assertionResult>
    <name>Response Assertion</name>
    <failure>false</failure>
    <error>false</error>
  </assertionResult>
  <assertionResult>
    <name>Response Assertion</name>
    <failure>false</failure>
    <error>false</error>
  </assertionResult>
  <responseHeader class="java.lang.String">HTTP/1.1 200 OK
X-Powered-By: Express
Vary: Origin, Accept-Encoding
Access-Control-Allow-Credentials: true
Cache-Control: no-cache
Pragma: no-cache
Expires: -1
X-Content-Type-Options: nosniff
Content-Type: application/json; charset=utf-8
Content-Length: 66
ETag: W/&quot;42-8T+ZsA0k6fSnWb1T7oe9bg&quot;
Date: Wed, 27 Apr 2016 06:57:16 GMT
Connection: keep-alive
</responseHeader>
  <requestHeader class="java.lang.String">Connection: keep-alive
Host: localhost:3000
User-Agent: Apache-HttpClient/4.2.6 (java 1.5)
</requestHeader>
  <responseData class="java.lang.String">[
  {
    &quot;id&quot;: 1,
    &quot;name&quot;: &quot;Pluto&quot;,
    &quot;status&quot;: &quot;Sold&quot;
  }
]</responseData>
</httpSample>

<httpSample ts="1461740258529" s="true" rc="200" rm="OK" tn="PetStoreAssignment_GetByID 1-1" dt="text">
  <assertionResult>
    <name>Response Assertion</name>
    <failure>false</failure>
    <error>false</error>
  </assertionResult>
  <assertionResult>
    <name>Response Assertion</name>
    <failure>false</failure>
    <error>false</error>
  </assertionResult>
  <assertionResult>
    <name>Response Assertion</name>
    <failure>false</failure>
    <error>false</error>
  </assertionResult>
  <responseHeader class="java.lang.String">HTTP/1.1 200 OK
X-Powered-By: Express
Vary: Origin, Accept-Encoding
Access-Control-Allow-Credentials: true
Cache-Control: no-cache
Pragma: no-cache
Expires: -1
X-Content-Type-Options: nosniff
Content-Type: application/json; charset=utf-8
Content-Length: 66
ETag: W/&quot;42-8T+ZsA0k6fSnWb1T7oe9bg&quot;
Date: Wed, 27 Apr 2016 06:57:38 GMT
Connection: keep-alive
</responseHeader>
  <requestHeader class="java.lang.String">Connection: keep-alive
Host: localhost:3000
User-Agent: Apache-HttpClient/4.2.6 (java 1.5)
</requestHeader>
  <responseData class="java.lang.String">[
  {
    &quot;id&quot;: 1,
    &quot;name&quot;: &quot;Pluto&quot;,
    &quot;status&quot;: &quot;Sold&quot;
  }
]</responseData>
</httpSample>

<httpSample ts="1461740273086" s="true" rc="200" rm="OK" tn="PetStoreAssignment_GetByID 1-1" dt="text">
  <assertionResult>
    <name>Response Assertion</name>
    <failure>false</failure>
    <error>false</error>
  </assertionResult>
  <assertionResult>
    <name>Response Assertion</name>
    <failure>false</failure>
    <error>false</error>
  </assertionResult>
  <assertionResult>
    <name>Response Assertion</name>
    <failure>false</failure>
    <error>false</error>
  </assertionResult>
  <responseHeader class="java.lang.String">HTTP/1.1 200 OK
X-Powered-By: Express
Vary: Origin, Accept-Encoding
Access-Control-Allow-Credentials: true
Cache-Control: no-cache
Pragma: no-cache
Expires: -1
X-Content-Type-Options: nosniff
Content-Type: application/json; charset=utf-8
Content-Length: 66
ETag: W/&quot;42-8T+ZsA0k6fSnWb1T7oe9bg&quot;
Date: Wed, 27 Apr 2016 06:57:53 GMT
Connection: keep-alive
</responseHeader>
  <requestHeader class="java.lang.String">Connection: keep-alive
Host: localhost:3000
User-Agent: Apache-HttpClient/4.2.6 (java 1.5)
</requestHeader>
  <responseData class="java.lang.String">[
  {
    &quot;id&quot;: 1,
    &quot;name&quot;: &quot;Pluto&quot;,
    &quot;status&quot;: &quot;Sold&quot;
  }
]</responseData>
</httpSample>

</testResults>
