<?xml version="1.0" encoding="UTF-8"?>
<testResults version="1.2">
<httpSample ts="1461740135288" s="false" rc="200" rm="OK" tn="PetStoreAssignment_GetByInvalidID 7-1" dt="text">
  <assertionResult>
    <name>Response Assertion</name>
    <failure>false</failure>
    <error>false</error>
  </assertionResult>
  <assertionResult>
    <name>Response Assertion</name>
    <failure>false</failure>
    <error>false</error>
  </assertionResult>
  <assertionResult>
    <name>Response Assertion</name>
    <failure>true</failure>
    <error>false</error>
    <failureMessage>Test failed: text expected to contain /&quot;id&quot;: 500/</failureMessage>
  </assertionResult>
  <responseHeader class="java.lang.String">HTTP/1.1 200 OK
X-Powered-By: Express
Vary: Origin, Accept-Encoding
Access-Control-Allow-Credentials: true
Cache-Control: no-cache
Pragma: no-cache
Expires: -1
X-Content-Type-Options: nosniff
Content-Type: application/json; charset=utf-8
Content-Length: 2
ETag: W/&quot;2-11FxOYiYfpMxmANj4kGJzg&quot;
Date: Wed, 27 Apr 2016 06:55:35 GMT
Connection: keep-alive
</responseHeader>
  <requestHeader class="java.lang.String">Connection: keep-alive
Host: localhost:3000
User-Agent: Apache-HttpClient/4.2.6 (java 1.5)
</requestHeader>
  <responseData class="java.lang.String">[]</responseData>
</httpSample>

<httpSample ts="1461740171350" s="false" rc="200" rm="OK" tn="PetStoreAssignment_GetByInvalidID 7-1" by="367">
  <assertionResult>
    <name>Response Assertion</name>
    <failure>false</failure>
    <error>false</error>
  </assertionResult>
  <assertionResult>
    <name>Response Assertion</name>
    <failure>false</failure>
    <error>false</error>
  </assertionResult>
  <assertionResult>
    <name>Response Assertion</name>
    <failure>true</failure>
    <error>false</error>
    <failureMessage>Test failed: text expected to contain /&quot;id&quot;: 500/</failureMessage>
  </assertionResult>
  <responseData class="java.lang.String">[]</responseData>
</httpSample>

<httpSample ts="1461740175172" s="false" rc="200" rm="OK" tn="PetStoreAssignment_GetByInvalidID 7-1" by="367">
  <assertionResult>
    <name>Response Assertion</name>
    <failure>false</failure>
    <error>false</error>
  </assertionResult>
  <assertionResult>
    <name>Response Assertion</name>
    <failure>false</failure>
    <error>false</error>
  </assertionResult>
  <assertionResult>
    <name>Response Assertion</name>
    <failure>true</failure>
    <error>false</error>
    <failureMessage>Test failed: text expected to contain /&quot;id&quot;: 500/</failureMessage>
  </assertionResult>
  <responseData class="java.lang.String">[]</responseData>
</httpSample>

<httpSample ts="1461740198718" s="false" rc="200" rm="OK" tn="PetStoreAssignment_GetByInvalidID 7-1" by="367">
  <assertionResult>
    <name>Response Assertion</name>
    <failure>false</failure>
    <error>false</error>
  </assertionResult>
  <assertionResult>
    <name>Response Assertion</name>
    <failure>false</failure>
    <error>false</error>
  </assertionResult>
  <assertionResult>
    <name>Response Assertion</name>
    <failure>true</failure>
    <error>false</error>
    <failureMessage>Test failed: text expected to contain /&quot;id&quot;: 500/</failureMessage>
  </assertionResult>
  <responseData class="java.lang.String">[]</responseData>
</httpSample>

<httpSample ts="1461740216673" s="false" rc="200" rm="OK" tn="PetStoreAssignment_GetByInvalidID 7-1" by="367">
  <assertionResult>
    <name>Response Assertion</name>
    <failure>false</failure>
    <error>false</error>
  </assertionResult>
  <assertionResult>
    <name>Response Assertion</name>
    <failure>false</failure>
    <error>false</error>
  </assertionResult>
  <assertionResult>
    <name>Response Assertion</name>
    <failure>true</failure>
    <error>false</error>
    <failureMessage>Test failed: text expected to contain /&quot;id&quot;: 500/</failureMessage>
  </assertionResult>
  <responseData class="java.lang.String">[]</responseData>
</httpSample>

<httpSample ts="1461740220161" s="false" rc="200" rm="OK" tn="PetStoreAssignment_GetByInvalidID 7-1" by="367">
  <assertionResult>
    <name>Response Assertion</name>
    <failure>false</failure>
    <error>false</error>
  </assertionResult>
  <assertionResult>
    <name>Response Assertion</name>
    <failure>false</failure>
    <error>false</error>
  </assertionResult>
  <assertionResult>
    <name>Response Assertion</name>
    <failure>true</failure>
    <error>false</error>
    <failureMessage>Test failed: text expected to contain /&quot;id&quot;: 500/</failureMessage>
  </assertionResult>
  <responseData class="java.lang.String">[]</responseData>
</httpSample>

<httpSample ts="1461740232999" s="false" rc="200" rm="OK" tn="PetStoreAssignment_GetByInvalidID 7-1" by="367">
  <assertionResult>
    <name>Response Assertion</name>
    <failure>false</failure>
    <error>false</error>
  </assertionResult>
  <assertionResult>
    <name>Response Assertion</name>
    <failure>false</failure>
    <error>false</error>
  </assertionResult>
  <assertionResult>
    <name>Response Assertion</name>
    <failure>true</failure>
    <error>false</error>
    <failureMessage>Test failed: text expected to contain /&quot;id&quot;: 500/</failureMessage>
  </assertionResult>
  <responseData class="java.lang.String">[]</responseData>
</httpSample>

<httpSample ts="1461740236460" s="false" rc="200" rm="OK" tn="PetStoreAssignment_GetByInvalidID 7-1" by="367">
  <assertionResult>
    <name>Response Assertion</name>
    <failure>false</failure>
    <error>false</error>
  </assertionResult>
  <assertionResult>
    <name>Response Assertion</name>
    <failure>false</failure>
    <error>false</error>
  </assertionResult>
  <assertionResult>
    <name>Response Assertion</name>
    <failure>true</failure>
    <error>false</error>
    <failureMessage>Test failed: text expected to contain /&quot;id&quot;: 500/</failureMessage>
  </assertionResult>
  <responseData class="java.lang.String">[]</responseData>
</httpSample>

<httpSample ts="1461740258537" s="false" rc="200" rm="OK" tn="PetStoreAssignment_GetByInvalidID 7-1" by="367">
  <assertionResult>
    <name>Response Assertion</name>
    <failure>false</failure>
    <error>false</error>
  </assertionResult>
  <assertionResult>
    <name>Response Assertion</name>
    <failure>false</failure>
    <error>false</error>
  </assertionResult>
  <assertionResult>
    <name>Response Assertion</name>
    <failure>true</failure>
    <error>false</error>
    <failureMessage>Test failed: text expected to contain /&quot;id&quot;: 500/</failureMessage>
  </assertionResult>
  <responseData class="java.lang.String">[]</responseData>
</httpSample>

<httpSample ts="1461740273089" s="false" rc="200" rm="OK" tn="PetStoreAssignment_GetByInvalidID 7-1" by="367">
  <assertionResult>
    <name>Response Assertion</name>
    <failure>false</failure>
    <error>false</error>
  </assertionResult>
  <assertionResult>
    <name>Response Assertion</name>
    <failure>false</failure>
    <error>false</error>
  </assertionResult>
  <assertionResult>
    <name>Response Assertion</name>
    <failure>true</failure>
    <error>false</error>
    <failureMessage>Test failed: text expected to contain /&quot;id&quot;: 500/</failureMessage>
  </assertionResult>
  <responseData class="java.lang.String">[]</responseData>
</httpSample>

</testResults>
